{"us-highway-alternate-2":{"width":40,"height":76,"x":0,"y":0,"pixelRatio":2,"visible":true},"us-highway-alternate-3":{"width":52,"height":76,"x":0,"y":76,"pixelRatio":2,"visible":true},"us-highway-business-2":{"width":40,"height":76,"x":40,"y":0,"pixelRatio":2,"visible":true},"us-highway-business-3":{"width":52,"height":76,"x":80,"y":0,"pixelRatio":2,"visible":true},"us-highway-bypass-2":{"width":40,"height":76,"x":52,"y":76,"pixelRatio":2,"visible":true},"us-highway-bypass-3":{"width":52,"height":76,"x":92,"y":76,"pixelRatio":2,"visible":true},"us-highway-truck-2":{"width":40,"height":76,"x":0,"y":152,"pixelRatio":2,"visible":true},"us-highway-truck-3":{"width":52,"height":76,"x":40,"y":152,"pixelRatio":2,"visible":true},"gb-national-rail.london-dlr.london-overground.london-tfl-rail.london-underground":{"width":120,"height":68,"x":0,"y":228,"pixelRatio":2,"visible":true},"de-s-bahn-01":{"width":34,"height":65,"x":120,"y":228,"pixelRatio":2,"visible":true},"de-s-bahn.de-u-bahn":{"width":34,"height":65,"x":92,"y":152,"pixelRatio":2,"visible":true},"pe-national-2":{"width":36,"height":52,"x":154,"y":228,"pixelRatio":2,"visible":true},"pe-national-3":{"width":44,"height":52,"x":190,"y":228,"pixelRatio":2,"visible":true},"za-provincial-2":{"width":48,"height":48,"x":234,"y":228,"pixelRatio":2,"visible":true},"alcohol-shop-15":{"width":46,"height":46,"x":132,"y":0,"pixelRatio":2,"visible":true},"amusement-park-15":{"width":46,"height":46,"x":178,"y":0,"pixelRatio":2,"visible":true},"aquarium-15":{"width":46,"height":46,"x":224,"y":0,"pixelRatio":2,"visible":true},"art-gallery-15":{"width":46,"height":46,"x":270,"y":0,"pixelRatio":2,"visible":true},"attraction-15":{"width":46,"height":46,"x":144,"y":76,"pixelRatio":2,"visible":true},"bakery-15":{"width":46,"height":46,"x":190,"y":76,"pixelRatio":2,"visible":true},"bank-15":{"width":46,"height":46,"x":236,"y":76,"pixelRatio":2,"visible":true},"bar-15":{"width":46,"height":46,"x":126,"y":152,"pixelRatio":2,"visible":true},"beer-15":{"width":46,"height":46,"x":172,"y":152,"pixelRatio":2,"visible":true},"bicycle-15":{"width":46,"height":46,"x":218,"y":152,"pixelRatio":2,"visible":true},"bicycle-share-15":{"width":46,"height":46,"x":264,"y":152,"pixelRatio":2,"visible":true},"cafe-15":{"width":46,"height":46,"x":0,"y":296,"pixelRatio":2,"visible":true},"campsite-15":{"width":46,"height":46,"x":46,"y":296,"pixelRatio":2,"visible":true},"car-15":{"width":46,"height":46,"x":92,"y":296,"pixelRatio":2,"visible":true},"castle-15":{"width":46,"height":46,"x":138,"y":296,"pixelRatio":2,"visible":true},"cemetery-15":{"width":46,"height":46,"x":184,"y":296,"pixelRatio":2,"visible":true},"cinema-15":{"width":46,"height":46,"x":230,"y":296,"pixelRatio":2,"visible":true},"clothing-store-15":{"width":46,"height":46,"x":0,"y":342,"pixelRatio":2,"visible":true},"college-15":{"width":46,"height":46,"x":46,"y":342,"pixelRatio":2,"visible":true},"dentist-15":{"width":46,"height":46,"x":92,"y":342,"pixelRatio":2,"visible":true},"doctor-15":{"width":46,"height":46,"x":138,"y":342,"pixelRatio":2,"visible":true},"dog-park-15":{"width":46,"height":46,"x":184,"y":342,"pixelRatio":2,"visible":true},"drinking-water-15":{"width":46,"height":46,"x":230,"y":342,"pixelRatio":2,"visible":true},"embassy-15":{"width":46,"height":46,"x":0,"y":388,"pixelRatio":2,"visible":true},"fast-food-15":{"width":46,"height":46,"x":46,"y":388,"pixelRatio":2,"visible":true},"fire-station-15":{"width":46,"height":46,"x":92,"y":388,"pixelRatio":2,"visible":true},"fuel-15":{"width":46,"height":46,"x":138,"y":388,"pixelRatio":2,"visible":true},"garden-15":{"width":46,"height":46,"x":184,"y":388,"pixelRatio":2,"visible":true},"golf-15":{"width":46,"height":46,"x":230,"y":388,"pixelRatio":2,"visible":true},"grocery-15":{"width":46,"height":46,"x":0,"y":434,"pixelRatio":2,"visible":true},"hairdresser-15":{"width":46,"height":46,"x":46,"y":434,"pixelRatio":2,"visible":true},"harbor-15":{"width":46,"height":46,"x":92,"y":434,"pixelRatio":2,"visible":true},"hospital-15":{"width":46,"height":46,"x":138,"y":434,"pixelRatio":2,"visible":true},"ice-cream-15":{"width":46,"height":46,"x":184,"y":434,"pixelRatio":2,"visible":true},"information-15":{"width":46,"height":46,"x":230,"y":434,"pixelRatio":2,"visible":true},"laundry-15":{"width":46,"height":46,"x":0,"y":480,"pixelRatio":2,"visible":true},"library-15":{"width":46,"height":46,"x":46,"y":480,"pixelRatio":2,"visible":true},"lodging-15":{"width":46,"height":46,"x":92,"y":480,"pixelRatio":2,"visible":true},"marker-15":{"width":46,"height":46,"x":138,"y":480,"pixelRatio":2,"visible":true},"monument-15":{"width":46,"height":46,"x":184,"y":480,"pixelRatio":2,"visible":true},"mountain-15":{"width":46,"height":46,"x":230,"y":480,"pixelRatio":2,"visible":true},"museum-15":{"width":46,"height":46,"x":0,"y":526,"pixelRatio":2,"visible":true},"music-15":{"width":46,"height":46,"x":46,"y":526,"pixelRatio":2,"visible":true},"park-15":{"width":46,"height":46,"x":92,"y":526,"pixelRatio":2,"visible":true},"pharmacy-15":{"width":46,"height":46,"x":138,"y":526,"pixelRatio":2,"visible":true},"picnic-site-15":{"width":46,"height":46,"x":184,"y":526,"pixelRatio":2,"visible":true},"place-of-worship-15":{"width":46,"height":46,"x":230,"y":526,"pixelRatio":2,"visible":true},"playground-15":{"width":46,"height":46,"x":276,"y":296,"pixelRatio":2,"visible":true},"police-15":{"width":46,"height":46,"x":322,"y":296,"pixelRatio":2,"visible":true},"post-15":{"width":46,"height":46,"x":368,"y":296,"pixelRatio":2,"visible":true},"prison-15":{"width":46,"height":46,"x":414,"y":296,"pixelRatio":2,"visible":true},"religious-christian-15":{"width":46,"height":46,"x":460,"y":296,"pixelRatio":2,"visible":true},"religious-jewish-15":{"width":46,"height":46,"x":506,"y":296,"pixelRatio":2,"visible":true},"religious-muslim-15":{"width":46,"height":46,"x":552,"y":296,"pixelRatio":2,"visible":true},"restaurant-15":{"width":46,"height":46,"x":276,"y":342,"pixelRatio":2,"visible":true},"school-15":{"width":46,"height":46,"x":322,"y":342,"pixelRatio":2,"visible":true},"shop-15":{"width":46,"height":46,"x":368,"y":342,"pixelRatio":2,"visible":true},"stadium-15":{"width":46,"height":46,"x":414,"y":342,"pixelRatio":2,"visible":true},"suitcase-15":{"width":46,"height":46,"x":460,"y":342,"pixelRatio":2,"visible":true},"swimming-15":{"width":46,"height":46,"x":506,"y":342,"pixelRatio":2,"visible":true},"theatre-15":{"width":46,"height":46,"x":552,"y":342,"pixelRatio":2,"visible":true},"toilet-15":{"width":46,"height":46,"x":276,"y":388,"pixelRatio":2,"visible":true},"town-hall-15":{"width":46,"height":46,"x":322,"y":388,"pixelRatio":2,"visible":true},"veterinary-15":{"width":46,"height":46,"x":368,"y":388,"pixelRatio":2,"visible":true},"volcano-15":{"width":46,"height":46,"x":414,"y":388,"pixelRatio":2,"visible":true},"zoo-15":{"width":46,"height":46,"x":460,"y":388,"pixelRatio":2,"visible":true},"br-federal-3":{"width":52,"height":44,"x":506,"y":388,"pixelRatio":2,"visible":true},"in-national-2":{"width":32,"height":44,"x":598,"y":296,"pixelRatio":2,"visible":true},"in-national-3":{"width":40,"height":44,"x":598,"y":342,"pixelRatio":2,"visible":true},"in-national-4":{"width":48,"height":44,"x":558,"y":388,"pixelRatio":2,"visible":true},"in-state-2":{"width":32,"height":44,"x":606,"y":388,"pixelRatio":2,"visible":true},"in-state-3":{"width":40,"height":44,"x":276,"y":434,"pixelRatio":2,"visible":true},"mx-federal-2":{"width":36,"height":44,"x":316,"y":434,"pixelRatio":2,"visible":true},"mx-federal-3":{"width":46,"height":44,"x":352,"y":434,"pixelRatio":2,"visible":true},"mx-federal-4":{"width":56,"height":44,"x":398,"y":434,"pixelRatio":2,"visible":true},"mx-state-2":{"width":36,"height":44,"x":454,"y":434,"pixelRatio":2,"visible":true},"mx-state-3":{"width":46,"height":44,"x":490,"y":434,"pixelRatio":2,"visible":true},"mx-state-4":{"width":56,"height":44,"x":536,"y":434,"pixelRatio":2,"visible":true},"pe-regional-3":{"width":46,"height":44,"x":592,"y":434,"pixelRatio":2,"visible":true},"ro-communal-4":{"width":56,"height":44,"x":276,"y":480,"pixelRatio":2,"visible":true},"ro-communal-5":{"width":46,"height":44,"x":332,"y":480,"pixelRatio":2,"visible":true},"ro-communal-6":{"width":68,"height":44,"x":378,"y":480,"pixelRatio":2,"visible":true},"us-interstate-2":{"width":40,"height":44,"x":446,"y":480,"pixelRatio":2,"visible":true},"us-interstate-3":{"width":52,"height":44,"x":486,"y":480,"pixelRatio":2,"visible":true},"us-interstate-duplex-4":{"width":64,"height":44,"x":538,"y":480,"pixelRatio":2,"visible":true},"us-interstate-duplex-5":{"width":76,"height":44,"x":276,"y":526,"pixelRatio":2,"visible":true},"airfield-15":{"width":42,"height":42,"x":352,"y":526,"pixelRatio":2,"visible":true},"airport-15":{"width":42,"height":42,"x":394,"y":526,"pixelRatio":2,"visible":true},"bus-15":{"width":42,"height":42,"x":436,"y":526,"pixelRatio":2,"visible":true},"ferry-15":{"width":42,"height":42,"x":478,"y":526,"pixelRatio":2,"visible":true},"heliport-15":{"width":42,"height":42,"x":520,"y":526,"pixelRatio":2,"visible":true},"rocket-15":{"width":42,"height":42,"x":562,"y":526,"pixelRatio":2,"visible":true},"br-state-2":{"width":40,"height":40,"x":282,"y":228,"pixelRatio":2,"visible":true},"br-state-3":{"width":56,"height":40,"x":322,"y":228,"pixelRatio":2,"visible":true},"hu-main-2":{"width":40,"height":40,"x":378,"y":228,"pixelRatio":2,"visible":true},"hu-main-3":{"width":52,"height":40,"x":418,"y":228,"pixelRatio":2,"visible":true},"hu-main-4":{"width":64,"height":40,"x":470,"y":228,"pixelRatio":2,"visible":true},"hu-main-5":{"width":76,"height":40,"x":534,"y":228,"pixelRatio":2,"visible":true},"hu-motorway-2":{"width":40,"height":40,"x":316,"y":0,"pixelRatio":2,"visible":true},"hu-motorway-3":{"width":52,"height":40,"x":356,"y":0,"pixelRatio":2,"visible":true},"nz-state-2":{"width":36,"height":40,"x":602,"y":480,"pixelRatio":2,"visible":true},"nz-state-3":{"width":46,"height":40,"x":408,"y":0,"pixelRatio":2,"visible":true},"ro-communal-2":{"width":40,"height":40,"x":454,"y":0,"pixelRatio":2,"visible":true},"ro-communal-3":{"width":52,"height":40,"x":494,"y":0,"pixelRatio":2,"visible":true},"ro-county-3":{"width":52,"height":40,"x":546,"y":0,"pixelRatio":2,"visible":true},"ro-county-4":{"width":64,"height":40,"x":282,"y":76,"pixelRatio":2,"visible":true},"ro-national-2":{"width":40,"height":40,"x":598,"y":0,"pixelRatio":2,"visible":true},"ro-national-3":{"width":52,"height":40,"x":346,"y":76,"pixelRatio":2,"visible":true},"us-highway-2":{"width":40,"height":40,"x":398,"y":76,"pixelRatio":2,"visible":true},"us-highway-3":{"width":52,"height":40,"x":438,"y":76,"pixelRatio":2,"visible":true},"us-highway-4":{"width":64,"height":40,"x":490,"y":76,"pixelRatio":2,"visible":true},"us-highway-duplex-3":{"width":52,"height":40,"x":554,"y":76,"pixelRatio":2,"visible":true},"us-highway-duplex-4":{"width":64,"height":40,"x":310,"y":152,"pixelRatio":2,"visible":true},"us-highway-duplex-5":{"width":76,"height":40,"x":374,"y":152,"pixelRatio":2,"visible":true},"us-interstate-business-2":{"width":40,"height":40,"x":450,"y":152,"pixelRatio":2,"visible":true},"us-interstate-business-3":{"width":52,"height":40,"x":490,"y":152,"pixelRatio":2,"visible":true},"us-state-2":{"width":40,"height":40,"x":542,"y":152,"pixelRatio":2,"visible":true},"us-state-3":{"width":52,"height":40,"x":582,"y":152,"pixelRatio":2,"visible":true},"us-state-4":{"width":64,"height":40,"x":0,"y":572,"pixelRatio":2,"visible":true},"za-national-2":{"width":40,"height":40,"x":64,"y":572,"pixelRatio":2,"visible":true},"alcohol-shop-11":{"width":38,"height":38,"x":104,"y":572,"pixelRatio":2,"visible":true},"amusement-park-11":{"width":38,"height":38,"x":142,"y":572,"pixelRatio":2,"visible":true},"aquarium-11":{"width":38,"height":38,"x":180,"y":572,"pixelRatio":2,"visible":true},"art-gallery-11":{"width":38,"height":38,"x":218,"y":572,"pixelRatio":2,"visible":true},"attraction-11":{"width":38,"height":38,"x":256,"y":572,"pixelRatio":2,"visible":true},"bakery-11":{"width":38,"height":38,"x":294,"y":572,"pixelRatio":2,"visible":true},"bank-11":{"width":38,"height":38,"x":332,"y":572,"pixelRatio":2,"visible":true},"bar-11":{"width":38,"height":38,"x":370,"y":572,"pixelRatio":2,"visible":true},"beer-11":{"width":38,"height":38,"x":408,"y":572,"pixelRatio":2,"visible":true},"bicycle-11":{"width":38,"height":38,"x":446,"y":572,"pixelRatio":2,"visible":true},"bicycle-share-11":{"width":38,"height":38,"x":484,"y":572,"pixelRatio":2,"visible":true},"cafe-11":{"width":38,"height":38,"x":522,"y":572,"pixelRatio":2,"visible":true},"campsite-11":{"width":38,"height":38,"x":560,"y":572,"pixelRatio":2,"visible":true},"car-11":{"width":38,"height":38,"x":598,"y":572,"pixelRatio":2,"visible":true},"castle-11":{"width":38,"height":38,"x":0,"y":612,"pixelRatio":2,"visible":true},"cemetery-11":{"width":38,"height":38,"x":38,"y":612,"pixelRatio":2,"visible":true},"cinema-11":{"width":38,"height":38,"x":76,"y":612,"pixelRatio":2,"visible":true},"clothing-store-11":{"width":38,"height":38,"x":114,"y":612,"pixelRatio":2,"visible":true},"college-11":{"width":38,"height":38,"x":152,"y":612,"pixelRatio":2,"visible":true},"dentist-11":{"width":38,"height":38,"x":190,"y":612,"pixelRatio":2,"visible":true},"doctor-11":{"width":38,"height":38,"x":228,"y":612,"pixelRatio":2,"visible":true},"dog-park-11":{"width":38,"height":38,"x":266,"y":612,"pixelRatio":2,"visible":true},"drinking-water-11":{"width":38,"height":38,"x":304,"y":612,"pixelRatio":2,"visible":true},"embassy-11":{"width":38,"height":38,"x":342,"y":612,"pixelRatio":2,"visible":true},"fast-food-11":{"width":38,"height":38,"x":380,"y":612,"pixelRatio":2,"visible":true},"fire-station-11":{"width":38,"height":38,"x":418,"y":612,"pixelRatio":2,"visible":true},"fuel-11":{"width":38,"height":38,"x":456,"y":612,"pixelRatio":2,"visible":true},"garden-11":{"width":38,"height":38,"x":494,"y":612,"pixelRatio":2,"visible":true},"gb-national-rail.london-dlr":{"width":78,"height":38,"x":532,"y":612,"pixelRatio":2,"visible":true},"gb-national-rail.london-dlr.london-overground.london-underground":{"width":150,"height":38,"x":0,"y":650,"pixelRatio":2,"visible":true},"gb-national-rail.london-dlr.london-underground":{"width":114,"height":38,"x":150,"y":650,"pixelRatio":2,"visible":true},"gb-national-rail.london-overground":{"width":78,"height":38,"x":264,"y":650,"pixelRatio":2,"visible":true},"gb-national-rail.london-overground.london-underground":{"width":114,"height":38,"x":342,"y":650,"pixelRatio":2,"visible":true},"gb-national-rail.london-underground":{"width":78,"height":38,"x":456,"y":650,"pixelRatio":2,"visible":true},"golf-11":{"width":38,"height":38,"x":534,"y":650,"pixelRatio":2,"visible":true},"grocery-11":{"width":38,"height":38,"x":572,"y":650,"pixelRatio":2,"visible":true},"hairdresser-11":{"width":38,"height":38,"x":0,"y":688,"pixelRatio":2,"visible":true},"harbor-11":{"width":38,"height":38,"x":38,"y":688,"pixelRatio":2,"visible":true},"hospital-11":{"width":38,"height":38,"x":76,"y":688,"pixelRatio":2,"visible":true},"ice-cream-11":{"width":38,"height":38,"x":114,"y":688,"pixelRatio":2,"visible":true},"information-11":{"width":38,"height":38,"x":152,"y":688,"pixelRatio":2,"visible":true},"laundry-11":{"width":38,"height":38,"x":190,"y":688,"pixelRatio":2,"visible":true},"library-11":{"width":38,"height":38,"x":228,"y":688,"pixelRatio":2,"visible":true},"lodging-11":{"width":38,"height":38,"x":266,"y":688,"pixelRatio":2,"visible":true},"london-dlr":{"width":38,"height":38,"x":304,"y":688,"pixelRatio":2,"visible":true},"london-dlr.london-underground":{"width":78,"height":38,"x":342,"y":688,"pixelRatio":2,"visible":true},"london-overground":{"width":38,"height":38,"x":420,"y":688,"pixelRatio":2,"visible":true},"london-overground.london-underground":{"width":78,"height":38,"x":458,"y":688,"pixelRatio":2,"visible":true},"london-underground":{"width":38,"height":38,"x":536,"y":688,"pixelRatio":2,"visible":true},"marker-11":{"width":38,"height":38,"x":574,"y":688,"pixelRatio":2,"visible":true},"monument-11":{"width":38,"height":38,"x":0,"y":726,"pixelRatio":2,"visible":true},"mountain-11":{"width":38,"height":38,"x":38,"y":726,"pixelRatio":2,"visible":true},"museum-11":{"width":38,"height":38,"x":76,"y":726,"pixelRatio":2,"visible":true},"music-11":{"width":38,"height":38,"x":114,"y":726,"pixelRatio":2,"visible":true},"park-11":{"width":38,"height":38,"x":152,"y":726,"pixelRatio":2,"visible":true},"pharmacy-11":{"width":38,"height":38,"x":190,"y":726,"pixelRatio":2,"visible":true},"picnic-site-11":{"width":38,"height":38,"x":228,"y":726,"pixelRatio":2,"visible":true},"place-of-worship-11":{"width":38,"height":38,"x":266,"y":726,"pixelRatio":2,"visible":true},"playground-11":{"width":38,"height":38,"x":304,"y":726,"pixelRatio":2,"visible":true},"police-11":{"width":38,"height":38,"x":342,"y":726,"pixelRatio":2,"visible":true},"post-11":{"width":38,"height":38,"x":380,"y":726,"pixelRatio":2,"visible":true},"prison-11":{"width":38,"height":38,"x":418,"y":726,"pixelRatio":2,"visible":true},"religious-christian-11":{"width":38,"height":38,"x":456,"y":726,"pixelRatio":2,"visible":true},"religious-jewish-11":{"width":38,"height":38,"x":494,"y":726,"pixelRatio":2,"visible":true},"religious-muslim-11":{"width":38,"height":38,"x":532,"y":726,"pixelRatio":2,"visible":true},"restaurant-11":{"width":38,"height":38,"x":570,"y":726,"pixelRatio":2,"visible":true},"school-11":{"width":38,"height":38,"x":0,"y":764,"pixelRatio":2,"visible":true},"shop-11":{"width":38,"height":38,"x":38,"y":764,"pixelRatio":2,"visible":true},"stadium-11":{"width":38,"height":38,"x":76,"y":764,"pixelRatio":2,"visible":true},"suitcase-11":{"width":38,"height":38,"x":114,"y":764,"pixelRatio":2,"visible":true},"swimming-11":{"width":38,"height":38,"x":152,"y":764,"pixelRatio":2,"visible":true},"theatre-11":{"width":38,"height":38,"x":190,"y":764,"pixelRatio":2,"visible":true},"toilet-11":{"width":38,"height":38,"x":228,"y":764,"pixelRatio":2,"visible":true},"town-hall-11":{"width":38,"height":38,"x":266,"y":764,"pixelRatio":2,"visible":true},"veterinary-11":{"width":38,"height":38,"x":304,"y":764,"pixelRatio":2,"visible":true},"volcano-11":{"width":38,"height":38,"x":342,"y":764,"pixelRatio":2,"visible":true},"zoo-11":{"width":38,"height":38,"x":380,"y":764,"pixelRatio":2,"visible":true},"gb-national-rail.london-overground.london-tfl-rail.london-underground":{"width":150,"height":36,"x":418,"y":764,"pixelRatio":2,"visible":true},"gb-national-rail.london-tfl-rail.london-overground":{"width":112,"height":36,"x":0,"y":802,"pixelRatio":2,"visible":true},"gb-national-rail.london-tfl-rail.london-underground":{"width":112,"height":36,"x":112,"y":802,"pixelRatio":2,"visible":true},"london-dlr.london-tfl-rail":{"width":76,"height":36,"x":224,"y":802,"pixelRatio":2,"visible":true},"london-dlr.london-tfl-rail.london-underground":{"width":112,"height":36,"x":300,"y":802,"pixelRatio":2,"visible":true},"london-overground.london-tfl-rail":{"width":76,"height":36,"x":412,"y":802,"pixelRatio":2,"visible":true},"london-overground.london-tfl-rail.london-underground":{"width":112,"height":36,"x":488,"y":802,"pixelRatio":2,"visible":true},"london-tfl-rail.london-underground":{"width":76,"height":36,"x":0,"y":838,"pixelRatio":2,"visible":true},"airfield-11":{"width":34,"height":34,"x":600,"y":802,"pixelRatio":2,"visible":true},"airport-11":{"width":34,"height":34,"x":76,"y":838,"pixelRatio":2,"visible":true},"barcelona-metro":{"width":40,"height":34,"x":110,"y":838,"pixelRatio":2,"visible":true},"boston-t":{"width":40,"height":34,"x":150,"y":838,"pixelRatio":2,"visible":true},"bus-11":{"width":34,"height":34,"x":190,"y":838,"pixelRatio":2,"visible":true},"chongqing-rail-transit":{"width":60,"height":34,"x":224,"y":838,"pixelRatio":2,"visible":true},"de-s-bahn":{"width":34,"height":34,"x":284,"y":838,"pixelRatio":2,"visible":true},"de-u-bahn":{"width":34,"height":34,"x":318,"y":838,"pixelRatio":2,"visible":true},"delhi-metro":{"width":40,"height":34,"x":352,"y":838,"pixelRatio":2,"visible":true},"ferry-11":{"width":34,"height":34,"x":392,"y":838,"pixelRatio":2,"visible":true},"gb-national-rail.london-tfl-rail":{"width":74,"height":34,"x":426,"y":838,"pixelRatio":2,"visible":true},"heliport-11":{"width":34,"height":34,"x":500,"y":838,"pixelRatio":2,"visible":true},"hong-kong-mtr":{"width":40,"height":34,"x":534,"y":838,"pixelRatio":2,"visible":true},"kiev-metro":{"width":40,"height":34,"x":574,"y":838,"pixelRatio":2,"visible":true},"london-tfl-rail":{"width":40,"height":34,"x":568,"y":764,"pixelRatio":2,"visible":true},"madrid-metro":{"width":40,"height":34,"x":0,"y":874,"pixelRatio":2,"visible":true},"mexico-city-metro":{"width":40,"height":34,"x":40,"y":874,"pixelRatio":2,"visible":true},"milan-metro":{"width":40,"height":34,"x":80,"y":874,"pixelRatio":2,"visible":true},"new-york-subway":{"width":40,"height":34,"x":120,"y":874,"pixelRatio":2,"visible":true},"osaka-subway":{"width":40,"height":34,"x":160,"y":874,"pixelRatio":2,"visible":true},"oslo-metro":{"width":40,"height":34,"x":200,"y":874,"pixelRatio":2,"visible":true},"paris-metro":{"width":34,"height":34,"x":240,"y":874,"pixelRatio":2,"visible":true},"paris-metro.paris-rer":{"width":74,"height":34,"x":274,"y":874,"pixelRatio":2,"visible":true},"paris-rer":{"width":34,"height":34,"x":348,"y":874,"pixelRatio":2,"visible":true},"paris-rer.paris-transilien":{"width":70,"height":34,"x":382,"y":874,"pixelRatio":2,"visible":true},"paris-transilien":{"width":34,"height":34,"x":452,"y":874,"pixelRatio":2,"visible":true},"philadelphia-septa":{"width":40,"height":34,"x":486,"y":874,"pixelRatio":2,"visible":true},"rail":{"width":34,"height":34,"x":526,"y":874,"pixelRatio":2,"visible":true},"rail-light":{"width":34,"height":34,"x":560,"y":874,"pixelRatio":2,"visible":true},"rail-metro":{"width":34,"height":34,"x":594,"y":874,"pixelRatio":2,"visible":true},"rocket-11":{"width":34,"height":34,"x":604,"y":526,"pixelRatio":2,"visible":true},"san-francisco-bart":{"width":40,"height":34,"x":0,"y":908,"pixelRatio":2,"visible":true},"singapore-mrt":{"width":40,"height":34,"x":40,"y":908,"pixelRatio":2,"visible":true},"stockholm-metro":{"width":40,"height":34,"x":80,"y":908,"pixelRatio":2,"visible":true},"taipei-metro":{"width":40,"height":34,"x":120,"y":908,"pixelRatio":2,"visible":true},"tokyo-metro":{"width":40,"height":34,"x":160,"y":908,"pixelRatio":2,"visible":true},"washington-metro":{"width":34,"height":34,"x":200,"y":908,"pixelRatio":2,"visible":true},"ch-motorway-2":{"width":44,"height":32,"x":234,"y":908,"pixelRatio":2,"visible":true},"ch-motorway-3":{"width":56,"height":32,"x":278,"y":908,"pixelRatio":2,"visible":true},"ch-motorway-4":{"width":68,"height":32,"x":334,"y":908,"pixelRatio":2,"visible":true},"de-motorway-2":{"width":44,"height":32,"x":402,"y":908,"pixelRatio":2,"visible":true},"de-motorway-3":{"width":56,"height":32,"x":446,"y":908,"pixelRatio":2,"visible":true},"gr-motorway-2":{"width":44,"height":32,"x":502,"y":908,"pixelRatio":2,"visible":true},"gr-motorway-3":{"width":56,"height":32,"x":546,"y":908,"pixelRatio":2,"visible":true},"gr-motorway-4":{"width":68,"height":32,"x":0,"y":942,"pixelRatio":2,"visible":true},"hr-motorway-3":{"width":56,"height":32,"x":68,"y":942,"pixelRatio":2,"visible":true},"hr-motorway-4":{"width":68,"height":32,"x":124,"y":942,"pixelRatio":2,"visible":true},"marsh-16":{"width":32,"height":32,"x":192,"y":942,"pixelRatio":2,"visible":true},"si-motorway-2":{"width":44,"height":32,"x":224,"y":942,"pixelRatio":2,"visible":true},"entrance":{"width":30,"height":30,"x":268,"y":942,"pixelRatio":2,"visible":true},"gb-national-rail":{"width":34,"height":30,"x":298,"y":942,"pixelRatio":2,"visible":true},"moscow-metro":{"width":34,"height":30,"x":332,"y":942,"pixelRatio":2,"visible":true},"vienna-u-bahn":{"width":30,"height":30,"x":366,"y":942,"pixelRatio":2,"visible":true},"at-expressway-2":{"width":40,"height":28,"x":396,"y":942,"pixelRatio":2,"visible":true},"at-expressway-3":{"width":52,"height":28,"x":436,"y":942,"pixelRatio":2,"visible":true},"at-motorway-2":{"width":40,"height":28,"x":488,"y":942,"pixelRatio":2,"visible":true},"at-motorway-3":{"width":52,"height":28,"x":528,"y":942,"pixelRatio":2,"visible":true},"at-state-b-2":{"width":40,"height":28,"x":580,"y":942,"pixelRatio":2,"visible":true},"at-state-b-3":{"width":52,"height":28,"x":0,"y":974,"pixelRatio":2,"visible":true},"bg-motorway-2":{"width":40,"height":28,"x":52,"y":974,"pixelRatio":2,"visible":true},"bg-national-2":{"width":40,"height":28,"x":92,"y":974,"pixelRatio":2,"visible":true},"ch-main-2":{"width":40,"height":28,"x":132,"y":974,"pixelRatio":2,"visible":true},"ch-main-3":{"width":52,"height":28,"x":172,"y":974,"pixelRatio":2,"visible":true},"cz-expressway-2":{"width":40,"height":28,"x":224,"y":974,"pixelRatio":2,"visible":true},"cz-expressway-3":{"width":52,"height":28,"x":264,"y":974,"pixelRatio":2,"visible":true},"cz-motorway-2":{"width":40,"height":28,"x":316,"y":974,"pixelRatio":2,"visible":true},"cz-road-2":{"width":40,"height":28,"x":356,"y":974,"pixelRatio":2,"visible":true},"cz-road-3":{"width":52,"height":28,"x":396,"y":974,"pixelRatio":2,"visible":true},"de-federal-2":{"width":40,"height":28,"x":448,"y":974,"pixelRatio":2,"visible":true},"de-federal-3":{"width":52,"height":28,"x":488,"y":974,"pixelRatio":2,"visible":true},"de-federal-4":{"width":64,"height":28,"x":540,"y":974,"pixelRatio":2,"visible":true},"default-2":{"width":40,"height":28,"x":0,"y":1002,"pixelRatio":2,"visible":true},"default-3":{"width":52,"height":28,"x":40,"y":1002,"pixelRatio":2,"visible":true},"default-4":{"width":64,"height":28,"x":92,"y":1002,"pixelRatio":2,"visible":true},"default-5":{"width":76,"height":28,"x":156,"y":1002,"pixelRatio":2,"visible":true},"default-6":{"width":88,"height":28,"x":232,"y":1002,"pixelRatio":2,"visible":true},"dk-primary-2":{"width":40,"height":28,"x":320,"y":1002,"pixelRatio":2,"visible":true},"dk-secondary-3":{"width":52,"height":28,"x":360,"y":1002,"pixelRatio":2,"visible":true},"e-road-2":{"width":40,"height":28,"x":412,"y":1002,"pixelRatio":2,"visible":true},"e-road-3":{"width":52,"height":28,"x":452,"y":1002,"pixelRatio":2,"visible":true},"e-road-4":{"width":64,"height":28,"x":504,"y":1002,"pixelRatio":2,"visible":true},"fi-main-2":{"width":40,"height":28,"x":568,"y":1002,"pixelRatio":2,"visible":true},"fi-regional-3":{"width":52,"height":28,"x":0,"y":1030,"pixelRatio":2,"visible":true},"fi-trunk-2":{"width":40,"height":28,"x":52,"y":1030,"pixelRatio":2,"visible":true},"gr-national-2":{"width":40,"height":28,"x":92,"y":1030,"pixelRatio":2,"visible":true},"gr-national-3":{"width":52,"height":28,"x":132,"y":1030,"pixelRatio":2,"visible":true},"gr-national-4":{"width":64,"height":28,"x":184,"y":1030,"pixelRatio":2,"visible":true},"hr-county-4":{"width":64,"height":28,"x":248,"y":1030,"pixelRatio":2,"visible":true},"hr-state-2":{"width":40,"height":28,"x":312,"y":1030,"pixelRatio":2,"visible":true},"hr-state-3":{"width":52,"height":28,"x":352,"y":1030,"pixelRatio":2,"visible":true},"pl-expressway-2":{"width":40,"height":28,"x":404,"y":1030,"pixelRatio":2,"visible":true},"pl-expressway-3":{"width":52,"height":28,"x":444,"y":1030,"pixelRatio":2,"visible":true},"pl-motorway-2":{"width":40,"height":28,"x":496,"y":1030,"pixelRatio":2,"visible":true},"pl-motorway-3":{"width":52,"height":28,"x":536,"y":1030,"pixelRatio":2,"visible":true},"pl-national-2":{"width":40,"height":28,"x":588,"y":1030,"pixelRatio":2,"visible":true},"pl-voivodeship-3":{"width":52,"height":28,"x":0,"y":1058,"pixelRatio":2,"visible":true},"ro-motorway-2":{"width":40,"height":28,"x":52,"y":1058,"pixelRatio":2,"visible":true},"ro-motorway-3":{"width":52,"height":28,"x":92,"y":1058,"pixelRatio":2,"visible":true},"rs-motorway-3":{"width":52,"height":28,"x":144,"y":1058,"pixelRatio":2,"visible":true},"rs-state-1b-2":{"width":40,"height":28,"x":196,"y":1058,"pixelRatio":2,"visible":true},"rs-state-2a-3":{"width":52,"height":28,"x":236,"y":1058,"pixelRatio":2,"visible":true},"rs-state-2b-3":{"width":52,"height":28,"x":288,"y":1058,"pixelRatio":2,"visible":true},"se-main-2":{"width":40,"height":28,"x":340,"y":1058,"pixelRatio":2,"visible":true},"se-main-3":{"width":52,"height":28,"x":380,"y":1058,"pixelRatio":2,"visible":true},"si-expressway-3":{"width":52,"height":28,"x":432,"y":1058,"pixelRatio":2,"visible":true},"si-main-2":{"width":40,"height":28,"x":484,"y":1058,"pixelRatio":2,"visible":true},"si-main-3":{"width":52,"height":28,"x":524,"y":1058,"pixelRatio":2,"visible":true},"sk-highway-2":{"width":40,"height":28,"x":576,"y":1058,"pixelRatio":2,"visible":true},"sk-road-2":{"width":40,"height":28,"x":0,"y":1086,"pixelRatio":2,"visible":true},"sk-road-3":{"width":52,"height":28,"x":40,"y":1086,"pixelRatio":2,"visible":true},"sk-road-4":{"width":64,"height":28,"x":92,"y":1086,"pixelRatio":2,"visible":true},"sk-road-5":{"width":76,"height":28,"x":156,"y":1086,"pixelRatio":2,"visible":true},"za-metropolitan-2":{"width":40,"height":28,"x":232,"y":1086,"pixelRatio":2,"visible":true},"za-regional-3":{"width":52,"height":28,"x":272,"y":1086,"pixelRatio":2,"visible":true},"dot-11":{"width":22,"height":22,"x":604,"y":974,"pixelRatio":2,"visible":true},"dot-10":{"width":20,"height":20,"x":608,"y":1002,"pixelRatio":2,"visible":true},"dot-9":{"width":18,"height":18,"x":616,"y":1058,"pixelRatio":2,"visible":true},"oneway-spaced-large":{"width":28,"height":12,"x":324,"y":1086,"pixelRatio":2,"visible":true},"oneway-spaced-white-large":{"width":28,"height":12,"x":352,"y":1086,"pixelRatio":2,"visible":true},"oneway-spaced-small":{"width":22,"height":10,"x":380,"y":1086,"pixelRatio":2,"visible":true},"oneway-spaced-white-small":{"width":22,"height":10,"x":402,"y":1086,"pixelRatio":2,"visible":true}}