{"pedestrian-polygon":{"width":64,"height":64,"x":0,"y":0,"pixelRatio":1,"visible":true},"crosswalk-large":{"width":60,"height":60,"x":64,"y":0,"pixelRatio":1,"visible":true},"crosswalk-small":{"width":60,"height":60,"x":0,"y":64,"pixelRatio":1,"visible":true},"us-interstate-truck-2":{"width":20,"height":40,"x":60,"y":64,"pixelRatio":1,"placeholder":[0,17,20,23],"visible":true},"us-interstate-truck-3":{"width":26,"height":40,"x":80,"y":64,"pixelRatio":1,"placeholder":[0,17,26,23],"visible":true},"us-highway-business-2":{"width":20,"height":38,"x":106,"y":64,"pixelRatio":1,"placeholder":[0,16,20,22],"visible":true},"us-highway-business-3":{"width":26,"height":38,"x":126,"y":64,"pixelRatio":1,"placeholder":[0,16,26,22],"visible":true},"us-highway-bypass-2":{"width":20,"height":38,"x":152,"y":64,"pixelRatio":1,"placeholder":[0,16,20,22],"visible":true},"us-highway-bypass-3":{"width":26,"height":38,"x":172,"y":64,"pixelRatio":1,"placeholder":[0,16,26,22],"visible":true},"us-highway-truck-2":{"width":20,"height":38,"x":198,"y":64,"pixelRatio":1,"placeholder":[0,16,20,22],"visible":true},"us-highway-truck-3":{"width":26,"height":38,"x":218,"y":64,"pixelRatio":1,"placeholder":[0,16,26,22],"visible":true},"sa-highway-secondary-3":{"width":25,"height":33,"x":124,"y":0,"pixelRatio":1,"placeholder":[0,13.5,25,19.5],"visible":true},"ae-f-route-3":{"width":24,"height":27,"x":149,"y":0,"pixelRatio":1,"placeholder":[0,10.5,24,16.5],"visible":true},"ae-s-route-4":{"width":38,"height":26,"x":173,"y":0,"pixelRatio":1,"placeholder":[0,10,38,16],"visible":true},"pe-national-2":{"width":18,"height":26,"x":211,"y":0,"pixelRatio":1,"placeholder":[0,10,18,16],"visible":true},"pe-national-3":{"width":22,"height":26,"x":229,"y":0,"pixelRatio":1,"placeholder":[0,10,22,16],"visible":true},"ae-national-3":{"width":26,"height":25,"x":0,"y":124,"pixelRatio":1,"placeholder":[0,9.5,26,15.5],"visible":true},"ae-national-4":{"width":32,"height":25,"x":26,"y":124,"pixelRatio":1,"placeholder":[0,9.5,32,15.5],"visible":true},"mashreq-network-2":{"width":20,"height":25,"x":58,"y":124,"pixelRatio":1,"placeholder":[0,9.5,20,15.5],"visible":true},"ae-d-route-3":{"width":24,"height":24,"x":78,"y":124,"pixelRatio":1,"placeholder":[0,9,24,15],"visible":true},"ae-d-route-4":{"width":30,"height":24,"x":102,"y":124,"pixelRatio":1,"placeholder":[0,9,30,15],"visible":true},"jp-national-route-2":{"width":22,"height":24,"x":132,"y":124,"pixelRatio":1,"placeholder":[0,9,22,15],"visible":true},"jp-national-route-3":{"width":28,"height":24,"x":154,"y":124,"pixelRatio":1,"placeholder":[0,9,28,15],"visible":true},"tw-provincial-2":{"width":22,"height":24,"x":182,"y":124,"pixelRatio":1,"placeholder":[0,9,22,15],"visible":true},"tw-provincial-3":{"width":28,"height":24,"x":204,"y":124,"pixelRatio":1,"placeholder":[0,9,28,15],"visible":true},"tw-provincial-expy-2":{"width":22,"height":24,"x":232,"y":124,"pixelRatio":1,"placeholder":[0,9,22,15],"visible":true},"tw-provincial-expy-3":{"width":28,"height":24,"x":0,"y":149,"pixelRatio":1,"placeholder":[0,9,28,15],"visible":true},"za-provincial-2":{"width":24,"height":24,"x":28,"y":149,"pixelRatio":1,"placeholder":[0,9,24,15],"visible":true},"cn-nths-expy-2":{"width":20,"height":23,"x":52,"y":149,"pixelRatio":1,"placeholder":[0,8.5,20,14.5],"visible":true},"cn-nths-expy-3":{"width":26,"height":23,"x":72,"y":149,"pixelRatio":1,"placeholder":[0,8.5,26,14.5],"visible":true},"cn-nths-expy-4":{"width":32,"height":23,"x":98,"y":149,"pixelRatio":1,"placeholder":[0,8.5,32,14.5],"visible":true},"cn-nths-expy-5":{"width":38,"height":23,"x":130,"y":149,"pixelRatio":1,"placeholder":[0,8.5,38,14.5],"visible":true},"cn-provincial-expy-2":{"width":20,"height":23,"x":168,"y":149,"pixelRatio":1,"placeholder":[0,8.5,20,14.5],"visible":true},"cn-provincial-expy-3":{"width":26,"height":23,"x":188,"y":149,"pixelRatio":1,"placeholder":[0,8.5,26,14.5],"visible":true},"cn-provincial-expy-4":{"width":32,"height":23,"x":214,"y":149,"pixelRatio":1,"placeholder":[0,8.5,32,14.5],"visible":true},"cn-provincial-expy-5":{"width":38,"height":23,"x":0,"y":173,"pixelRatio":1,"placeholder":[0,8.5,38,14.5],"visible":true},"qa-main-2":{"width":20,"height":23,"x":38,"y":173,"pixelRatio":1,"placeholder":[0,8.5,20,14.5],"visible":true},"qa-main-3":{"width":26,"height":23,"x":58,"y":173,"pixelRatio":1,"placeholder":[0,8.5,26,14.5],"visible":true},"qa-main-4":{"width":32,"height":23,"x":84,"y":173,"pixelRatio":1,"placeholder":[0,8.5,32,14.5],"visible":true},"th-highway-2":{"width":20,"height":23,"x":116,"y":173,"pixelRatio":1,"placeholder":[0,8.5,20,14.5],"visible":true},"th-highway-3":{"width":26,"height":23,"x":136,"y":173,"pixelRatio":1,"placeholder":[0,8.5,26,14.5],"visible":true},"th-highway-4":{"width":32,"height":23,"x":162,"y":173,"pixelRatio":1,"placeholder":[0,8.5,32,14.5],"visible":true},"th-motorway-2":{"width":20,"height":23,"x":194,"y":173,"pixelRatio":1,"placeholder":[0,8.5,20,14.5],"visible":true},"th-motorway-toll-2":{"width":20,"height":23,"x":214,"y":173,"pixelRatio":1,"placeholder":[0,8.5,20,14.5],"visible":true},"br-federal-3":{"width":26,"height":22,"x":0,"y":196,"pixelRatio":1,"placeholder":[0,8,26,14],"visible":true},"hk-strategic-route-2":{"width":18,"height":22,"x":26,"y":196,"pixelRatio":1,"placeholder":[0,8,18,14],"visible":true},"in-national-2":{"width":16,"height":22,"x":44,"y":196,"pixelRatio":1,"placeholder":[0,8,16,14],"visible":true},"in-national-3":{"width":20,"height":22,"x":60,"y":196,"pixelRatio":1,"placeholder":[0,8,20,14],"visible":true},"in-national-4":{"width":24,"height":22,"x":80,"y":196,"pixelRatio":1,"placeholder":[0,8,24,14],"visible":true},"in-state-2":{"width":16,"height":22,"x":104,"y":196,"pixelRatio":1,"placeholder":[0,8,16,14],"visible":true},"in-state-3":{"width":20,"height":22,"x":120,"y":196,"pixelRatio":1,"placeholder":[0,8,20,14],"visible":true},"kr-natl-expy-2":{"width":20,"height":22,"x":140,"y":196,"pixelRatio":1,"placeholder":[0,8,20,14],"visible":true},"kr-natl-expy-3":{"width":26,"height":22,"x":160,"y":196,"pixelRatio":1,"placeholder":[0,8,26,14],"visible":true},"mx-federal-2":{"width":18,"height":22,"x":186,"y":196,"pixelRatio":1,"placeholder":[0,8,18,14],"visible":true},"mx-federal-3":{"width":23,"height":22,"x":204,"y":196,"pixelRatio":1,"placeholder":[0,8,23,14],"visible":true},"mx-federal-4":{"width":28,"height":22,"x":227,"y":196,"pixelRatio":1,"placeholder":[0,8,28,14],"visible":true},"mx-state-2":{"width":18,"height":22,"x":234,"y":173,"pixelRatio":1,"placeholder":[0,8,18,14],"visible":true},"mx-state-3":{"width":23,"height":22,"x":0,"y":218,"pixelRatio":1,"placeholder":[0,8,23,14],"visible":true},"mx-state-4":{"width":28,"height":22,"x":23,"y":218,"pixelRatio":1,"placeholder":[0,8,28,14],"visible":true},"pe-regional-3":{"width":23,"height":22,"x":51,"y":218,"pixelRatio":1,"placeholder":[0,8,23,14],"visible":true},"pe-regional-4":{"width":28,"height":22,"x":74,"y":218,"pixelRatio":1,"placeholder":[0,8,28,14],"visible":true},"tw-national-2":{"width":21,"height":22,"x":102,"y":218,"pixelRatio":1,"placeholder":[0,8,21,14],"visible":true},"us-interstate-2":{"width":20,"height":22,"x":123,"y":218,"pixelRatio":1,"placeholder":[0,8,20,14],"visible":true},"us-interstate-3":{"width":26,"height":22,"x":143,"y":218,"pixelRatio":1,"placeholder":[0,8,26,14],"visible":true},"us-interstate-4":{"width":32,"height":22,"x":169,"y":218,"pixelRatio":1,"placeholder":[0,8,32,14],"visible":true},"us-interstate-business-2":{"width":20,"height":22,"x":201,"y":218,"pixelRatio":1,"placeholder":[0,8,20,14],"visible":true},"us-interstate-business-3":{"width":26,"height":22,"x":221,"y":218,"pixelRatio":1,"placeholder":[0,8,26,14],"visible":true},"us-interstate-duplex-4":{"width":32,"height":22,"x":255,"y":196,"pixelRatio":1,"placeholder":[0,8,32,14],"visible":true},"us-interstate-duplex-5":{"width":38,"height":22,"x":287,"y":196,"pixelRatio":1,"placeholder":[0,8,38,14],"visible":true},"au-tourist-2":{"width":20,"height":21,"x":325,"y":196,"pixelRatio":1,"placeholder":[0,7.5,20,13.5],"visible":true},"au-tourist-3":{"width":28,"height":21,"x":345,"y":196,"pixelRatio":1,"placeholder":[0,7.5,28,13.5],"visible":true},"ar-national-2":{"width":20,"height":20,"x":373,"y":196,"pixelRatio":1,"placeholder":[0,7,20,13],"visible":true},"ar-national-3":{"width":26,"height":20,"x":393,"y":196,"pixelRatio":1,"placeholder":[0,7,26,13],"visible":true},"ar-national-4":{"width":32,"height":20,"x":419,"y":196,"pixelRatio":1,"placeholder":[0,7,32,13],"visible":true},"au-national-highway-2":{"width":20,"height":20,"x":451,"y":196,"pixelRatio":1,"placeholder":[0,7,20,13],"visible":true},"au-national-highway-3":{"width":26,"height":20,"x":471,"y":196,"pixelRatio":1,"placeholder":[0,7,26,13],"visible":true},"au-national-route-2":{"width":20,"height":20,"x":247,"y":218,"pixelRatio":1,"placeholder":[0,7,20,13],"visible":true},"au-national-route-3":{"width":26,"height":20,"x":267,"y":218,"pixelRatio":1,"placeholder":[0,7,26,13],"visible":true},"au-national-route-4":{"width":32,"height":20,"x":293,"y":218,"pixelRatio":1,"placeholder":[0,7,32,13],"visible":true},"au-national-route-5":{"width":38,"height":20,"x":325,"y":218,"pixelRatio":1,"placeholder":[0,7,38,13],"visible":true},"au-national-route-6":{"width":43,"height":20,"x":363,"y":218,"pixelRatio":1,"placeholder":[0,7,43,13],"visible":true},"au-state-2":{"width":18,"height":20,"x":406,"y":218,"pixelRatio":1,"placeholder":[0,7,18,13],"visible":true},"au-state-3":{"width":23,"height":20,"x":424,"y":218,"pixelRatio":1,"placeholder":[0,7,23,13],"visible":true},"au-state-4":{"width":29,"height":20,"x":447,"y":218,"pixelRatio":1,"placeholder":[0,7,29,13],"visible":true},"au-state-5":{"width":34,"height":20,"x":476,"y":218,"pixelRatio":1,"placeholder":[0,7,34,13],"visible":true},"au-state-6":{"width":39,"height":20,"x":252,"y":173,"pixelRatio":1,"placeholder":[0,7,39,13],"visible":true},"br-state-2":{"width":20,"height":20,"x":291,"y":173,"pixelRatio":1,"placeholder":[0,7,20,13],"visible":true},"br-state-3":{"width":28,"height":20,"x":311,"y":173,"pixelRatio":1,"placeholder":[0,7,28,13],"visible":true},"ca-trans-canada-2":{"width":20,"height":20,"x":339,"y":173,"pixelRatio":1,"placeholder":[0,7,20,13],"visible":true},"ca-trans-canada-3":{"width":32,"height":20,"x":359,"y":173,"pixelRatio":1,"placeholder":[0,7,32,13],"visible":true},"circle-white-2":{"width":20,"height":20,"x":391,"y":173,"pixelRatio":1,"placeholder":[0,7,20,13],"visible":true},"circle-white-3":{"width":26,"height":20,"x":411,"y":173,"pixelRatio":1,"placeholder":[0,7,26,13],"visible":true},"circle-white-4":{"width":32,"height":20,"x":437,"y":173,"pixelRatio":1,"placeholder":[0,7,32,13],"visible":true},"cl-highway-2":{"width":20,"height":20,"x":469,"y":173,"pixelRatio":1,"placeholder":[0,7,20,13],"visible":true},"cl-highway-3":{"width":26,"height":20,"x":246,"y":149,"pixelRatio":1,"placeholder":[0,7,26,13],"visible":true},"co-national-2":{"width":20,"height":20,"x":489,"y":173,"pixelRatio":1,"placeholder":[0,7,20,13],"visible":true},"co-national-3":{"width":24,"height":20,"x":272,"y":149,"pixelRatio":1,"placeholder":[0,7,24,13],"visible":true},"gate":{"width":20,"height":20,"x":296,"y":149,"pixelRatio":1,"visible":true},"hot-spring":{"width":20,"height":20,"x":316,"y":149,"pixelRatio":1,"visible":true},"hu-main-2":{"width":20,"height":20,"x":336,"y":149,"pixelRatio":1,"placeholder":[0,7,20,13],"visible":true},"hu-main-3":{"width":26,"height":20,"x":356,"y":149,"pixelRatio":1,"placeholder":[0,7,26,13],"visible":true},"hu-main-4":{"width":32,"height":20,"x":382,"y":149,"pixelRatio":1,"placeholder":[0,7,32,13],"visible":true},"hu-main-5":{"width":38,"height":20,"x":414,"y":149,"pixelRatio":1,"placeholder":[0,7,38,13],"visible":true},"hu-motorway-2":{"width":20,"height":20,"x":452,"y":149,"pixelRatio":1,"placeholder":[0,7,20,13],"visible":true},"hu-motorway-3":{"width":26,"height":20,"x":472,"y":149,"pixelRatio":1,"placeholder":[0,7,26,13],"visible":true},"lift-gate":{"width":20,"height":20,"x":254,"y":124,"pixelRatio":1,"visible":true},"marker":{"width":12,"height":20,"x":497,"y":196,"pixelRatio":1,"visible":true},"md-local-2":{"width":20,"height":20,"x":274,"y":124,"pixelRatio":1,"placeholder":[0,7,20,13],"visible":true},"md-local-3":{"width":26,"height":20,"x":294,"y":124,"pixelRatio":1,"placeholder":[0,7,26,13],"visible":true},"md-local-4":{"width":32,"height":20,"x":320,"y":124,"pixelRatio":1,"placeholder":[0,7,32,13],"visible":true},"md-local-5":{"width":38,"height":20,"x":352,"y":124,"pixelRatio":1,"placeholder":[0,7,38,13],"visible":true},"md-local-6":{"width":43,"height":20,"x":390,"y":124,"pixelRatio":1,"placeholder":[0,7,43,13],"visible":true},"md-main-2":{"width":20,"height":20,"x":433,"y":124,"pixelRatio":1,"placeholder":[0,7,20,13],"visible":true},"md-main-3":{"width":26,"height":20,"x":453,"y":124,"pixelRatio":1,"placeholder":[0,7,26,13],"visible":true},"md-main-4":{"width":32,"height":20,"x":479,"y":124,"pixelRatio":1,"placeholder":[0,7,32,13],"visible":true},"mountain":{"width":20,"height":20,"x":244,"y":64,"pixelRatio":1,"visible":true},"nz-state-2":{"width":18,"height":20,"x":264,"y":64,"pixelRatio":1,"placeholder":[0,7,18,13],"visible":true},"nz-state-3":{"width":23,"height":20,"x":282,"y":64,"pixelRatio":1,"placeholder":[0,7,23,13],"visible":true},"nz-urban-2":{"width":20,"height":20,"x":305,"y":64,"pixelRatio":1,"placeholder":[0,7,20,13],"visible":true},"pe-departmental-3":{"width":24,"height":20,"x":325,"y":64,"pixelRatio":1,"placeholder":[0,7,24,13],"visible":true},"ph-expressway-2":{"width":20,"height":20,"x":349,"y":64,"pixelRatio":1,"placeholder":[0,7,20,13],"visible":true},"ph-primary-2":{"width":20,"height":20,"x":369,"y":64,"pixelRatio":1,"placeholder":[0,7,20,13],"visible":true},"ph-primary-3":{"width":26,"height":20,"x":389,"y":64,"pixelRatio":1,"placeholder":[0,7,26,13],"visible":true},"ro-communal-2":{"width":20,"height":20,"x":415,"y":64,"pixelRatio":1,"placeholder":[0,7,20,13],"visible":true},"ro-communal-3":{"width":26,"height":20,"x":435,"y":64,"pixelRatio":1,"placeholder":[0,7,26,13],"visible":true},"ro-communal-4":{"width":32,"height":20,"x":461,"y":64,"pixelRatio":1,"placeholder":[0,7,32,13],"visible":true},"ro-county-3":{"width":26,"height":20,"x":251,"y":0,"pixelRatio":1,"placeholder":[0,7,26,13],"visible":true},"ro-county-4":{"width":32,"height":20,"x":277,"y":0,"pixelRatio":1,"placeholder":[0,7,32,13],"visible":true},"ro-national-2":{"width":20,"height":20,"x":309,"y":0,"pixelRatio":1,"placeholder":[0,7,20,13],"visible":true},"ro-national-3":{"width":26,"height":20,"x":329,"y":0,"pixelRatio":1,"placeholder":[0,7,26,13],"visible":true},"sa-highway-2":{"width":20,"height":20,"x":355,"y":0,"pixelRatio":1,"placeholder":[0,7,20,13],"visible":true},"sa-highway-3":{"width":26,"height":20,"x":375,"y":0,"pixelRatio":1,"placeholder":[0,7,26,13],"visible":true},"tw-county-township-2":{"width":20,"height":20,"x":401,"y":0,"pixelRatio":1,"placeholder":[0,7,20,13],"visible":true},"tw-county-township-3":{"width":26,"height":20,"x":421,"y":0,"pixelRatio":1,"placeholder":[0,7,26,13],"visible":true},"tw-county-township-4":{"width":32,"height":20,"x":447,"y":0,"pixelRatio":1,"placeholder":[0,7,32,13],"visible":true},"tw-county-township-5":{"width":38,"height":20,"x":0,"y":240,"pixelRatio":1,"placeholder":[0,7,38,13],"visible":true},"tw-county-township-6":{"width":44,"height":20,"x":38,"y":240,"pixelRatio":1,"placeholder":[0,7,44,13],"visible":true},"us-bia-2":{"width":20,"height":20,"x":82,"y":240,"pixelRatio":1,"placeholder":[0,7,20,13],"visible":true},"us-bia-3":{"width":26,"height":20,"x":102,"y":240,"pixelRatio":1,"placeholder":[0,7,26,13],"visible":true},"us-bia-4":{"width":30,"height":20,"x":128,"y":240,"pixelRatio":1,"placeholder":[0,7,30,13],"visible":true},"us-highway-2":{"width":20,"height":20,"x":158,"y":240,"pixelRatio":1,"placeholder":[0,7,20,13],"visible":true},"us-highway-3":{"width":26,"height":20,"x":178,"y":240,"pixelRatio":1,"placeholder":[0,7,26,13],"visible":true},"us-highway-4":{"width":32,"height":20,"x":204,"y":240,"pixelRatio":1,"placeholder":[0,7,32,13],"visible":true},"us-highway-alternate-2":{"width":20,"height":20,"x":236,"y":240,"pixelRatio":1,"placeholder":[0,7,20,13],"visible":true},"us-highway-alternate-3":{"width":26,"height":20,"x":256,"y":240,"pixelRatio":1,"placeholder":[0,7,26,13],"visible":true},"us-highway-duplex-3":{"width":26,"height":20,"x":282,"y":240,"pixelRatio":1,"placeholder":[0,7,26,13],"visible":true},"us-highway-duplex-4":{"width":32,"height":20,"x":308,"y":240,"pixelRatio":1,"placeholder":[0,7,32,13],"visible":true},"us-highway-duplex-5":{"width":38,"height":20,"x":340,"y":240,"pixelRatio":1,"placeholder":[0,7,38,13],"visible":true},"volcano":{"width":20,"height":20,"x":378,"y":240,"pixelRatio":1,"visible":true},"waterfall":{"width":20,"height":20,"x":398,"y":240,"pixelRatio":1,"visible":true},"za-national-2":{"width":20,"height":20,"x":418,"y":240,"pixelRatio":1,"placeholder":[0,7,20,13],"visible":true},"za-national-3":{"width":28,"height":20,"x":438,"y":240,"pixelRatio":1,"placeholder":[0,7,28,13],"visible":true},"barcelona-metro":{"width":19,"height":19,"x":466,"y":240,"pixelRatio":1,"visible":true},"boston-t":{"width":19,"height":19,"x":485,"y":240,"pixelRatio":1,"visible":true},"de-s-bahn":{"width":19,"height":19,"x":493,"y":64,"pixelRatio":1,"visible":true},"de-s-bahn.de-u-bahn":{"width":35,"height":19,"x":0,"y":260,"pixelRatio":1,"visible":true},"delhi-metro":{"width":19,"height":19,"x":35,"y":260,"pixelRatio":1,"visible":true},"id-national-2":{"width":22,"height":19,"x":54,"y":260,"pixelRatio":1,"placeholder":[0,6.5,22,12.5],"visible":true},"kiev-metro":{"width":19,"height":19,"x":76,"y":260,"pixelRatio":1,"visible":true},"kr-metro-expy-2":{"width":20,"height":19,"x":95,"y":260,"pixelRatio":1,"placeholder":[0,6.5,20,12.5],"visible":true},"kr-metro-expy-3":{"width":26,"height":19,"x":115,"y":260,"pixelRatio":1,"placeholder":[0,6.5,26,12.5],"visible":true},"kr-metro-expy-4":{"width":32,"height":19,"x":141,"y":260,"pixelRatio":1,"placeholder":[0,6.5,32,12.5],"visible":true},"madrid-metro":{"width":19,"height":19,"x":173,"y":260,"pixelRatio":1,"visible":true},"new-york-subway":{"width":19,"height":19,"x":192,"y":260,"pixelRatio":1,"visible":true},"oslo-metro":{"width":19,"height":19,"x":211,"y":260,"pixelRatio":1,"visible":true},"paris-metro":{"width":19,"height":19,"x":230,"y":260,"pixelRatio":1,"visible":true},"paris-metro.paris-rer":{"width":37,"height":19,"x":249,"y":260,"pixelRatio":1,"visible":true},"paris-rer":{"width":19,"height":19,"x":286,"y":260,"pixelRatio":1,"visible":true},"paris-rer.paris-transilien":{"width":35,"height":19,"x":305,"y":260,"pixelRatio":1,"visible":true},"road-closure":{"width":19,"height":19,"x":340,"y":260,"pixelRatio":1,"visible":true},"stockholm-metro":{"width":19,"height":19,"x":359,"y":260,"pixelRatio":1,"visible":true},"taipei-metro":{"width":19,"height":19,"x":378,"y":260,"pixelRatio":1,"visible":true},"vienna-u-bahn":{"width":19,"height":19,"x":397,"y":260,"pixelRatio":1,"visible":true},"il-highway-black-4":{"width":33,"height":18,"x":416,"y":260,"pixelRatio":1,"placeholder":[0,6,33,12],"visible":true},"il-highway-blue-2":{"width":22,"height":18,"x":449,"y":260,"pixelRatio":1,"placeholder":[0,6,22,12],"visible":true},"il-highway-blue-3":{"width":28,"height":18,"x":471,"y":260,"pixelRatio":1,"placeholder":[0,6,28,12],"visible":true},"il-highway-green-3":{"width":28,"height":18,"x":479,"y":0,"pixelRatio":1,"placeholder":[0,6,28,12],"visible":true},"il-highway-red-2":{"width":22,"height":18,"x":0,"y":279,"pixelRatio":1,"placeholder":[0,6,22,12],"visible":true},"kr-natl-hwy-2":{"width":22,"height":18,"x":22,"y":279,"pixelRatio":1,"placeholder":[0,6,22,12],"visible":true},"chongqing-rail-transit":{"width":25,"height":17,"x":44,"y":279,"pixelRatio":1,"visible":true},"de-u-bahn":{"width":17,"height":17,"x":69,"y":279,"pixelRatio":1,"visible":true},"hong-kong-mtr":{"width":19,"height":17,"x":86,"y":279,"pixelRatio":1,"visible":true},"jp-urban-expressway-2":{"width":20,"height":17,"x":105,"y":279,"pixelRatio":1,"placeholder":[0,5.5,20,11.5],"visible":true},"jp-urban-expressway-3":{"width":26,"height":17,"x":125,"y":279,"pixelRatio":1,"placeholder":[0,5.5,26,11.5],"visible":true},"mexico-city-metro":{"width":17,"height":17,"x":151,"y":279,"pixelRatio":1,"visible":true},"milan-metro":{"width":17,"height":17,"x":168,"y":279,"pixelRatio":1,"visible":true},"moscow-metro":{"width":17,"height":17,"x":185,"y":279,"pixelRatio":1,"visible":true},"osaka-subway":{"width":17,"height":17,"x":202,"y":279,"pixelRatio":1,"visible":true},"paris-transilien":{"width":17,"height":17,"x":219,"y":279,"pixelRatio":1,"visible":true},"philadelphia-septa":{"width":19,"height":17,"x":236,"y":279,"pixelRatio":1,"visible":true},"pk-motorway-2":{"width":20,"height":17,"x":255,"y":279,"pixelRatio":1,"placeholder":[0,5.5,20,11.5],"visible":true},"pk-motorway-3":{"width":26,"height":17,"x":275,"y":279,"pixelRatio":1,"placeholder":[0,5.5,26,11.5],"visible":true},"san-francisco-bart":{"width":17,"height":17,"x":301,"y":279,"pixelRatio":1,"visible":true},"singapore-mrt":{"width":17,"height":17,"x":318,"y":279,"pixelRatio":1,"visible":true},"tokyo-metro":{"width":17,"height":17,"x":335,"y":279,"pixelRatio":1,"visible":true},"traffic-signal":{"width":8,"height":17,"x":352,"y":279,"pixelRatio":1,"visible":true},"washington-metro":{"width":17,"height":17,"x":360,"y":279,"pixelRatio":1,"visible":true},"airfield":{"width":16,"height":16,"x":377,"y":279,"pixelRatio":1,"visible":true},"airport":{"width":16,"height":16,"x":393,"y":279,"pixelRatio":1,"visible":true},"al-motorway-2":{"width":20,"height":16,"x":409,"y":279,"pixelRatio":1,"placeholder":[0,5,20,11],"visible":true},"alcohol-shop":{"width":16,"height":16,"x":429,"y":279,"pixelRatio":1,"visible":true},"american-football":{"width":16,"height":16,"x":445,"y":279,"pixelRatio":1,"visible":true},"amusement-park":{"width":16,"height":16,"x":461,"y":279,"pixelRatio":1,"visible":true},"aquarium":{"width":16,"height":16,"x":477,"y":279,"pixelRatio":1,"visible":true},"art-gallery":{"width":16,"height":16,"x":493,"y":279,"pixelRatio":1,"visible":true},"attraction":{"width":16,"height":16,"x":0,"y":297,"pixelRatio":1,"visible":true},"bakery":{"width":16,"height":16,"x":16,"y":297,"pixelRatio":1,"visible":true},"bank":{"width":16,"height":16,"x":32,"y":297,"pixelRatio":1,"visible":true},"bar":{"width":16,"height":16,"x":48,"y":297,"pixelRatio":1,"visible":true},"baseball":{"width":16,"height":16,"x":64,"y":297,"pixelRatio":1,"visible":true},"basketball":{"width":16,"height":16,"x":80,"y":297,"pixelRatio":1,"visible":true},"beach":{"width":16,"height":16,"x":96,"y":297,"pixelRatio":1,"visible":true},"beer":{"width":16,"height":16,"x":112,"y":297,"pixelRatio":1,"visible":true},"bicycle":{"width":16,"height":16,"x":128,"y":297,"pixelRatio":1,"visible":true},"bicycle-share":{"width":16,"height":16,"x":144,"y":297,"pixelRatio":1,"visible":true},"bowling-alley":{"width":16,"height":16,"x":160,"y":297,"pixelRatio":1,"visible":true},"bridge":{"width":16,"height":16,"x":176,"y":297,"pixelRatio":1,"visible":true},"bus":{"width":16,"height":16,"x":192,"y":297,"pixelRatio":1,"visible":true},"cafe":{"width":16,"height":16,"x":208,"y":297,"pixelRatio":1,"visible":true},"campsite":{"width":16,"height":16,"x":224,"y":297,"pixelRatio":1,"visible":true},"car":{"width":16,"height":16,"x":240,"y":297,"pixelRatio":1,"visible":true},"car-rental":{"width":16,"height":16,"x":256,"y":297,"pixelRatio":1,"visible":true},"car-repair":{"width":16,"height":16,"x":272,"y":297,"pixelRatio":1,"visible":true},"casino":{"width":16,"height":16,"x":288,"y":297,"pixelRatio":1,"visible":true},"castle":{"width":16,"height":16,"x":304,"y":297,"pixelRatio":1,"visible":true},"cemetery":{"width":16,"height":16,"x":320,"y":297,"pixelRatio":1,"visible":true},"ch-motorway-2":{"width":22,"height":16,"x":336,"y":297,"pixelRatio":1,"placeholder":[0,5,22,11],"visible":true},"ch-motorway-3":{"width":28,"height":16,"x":358,"y":297,"pixelRatio":1,"placeholder":[0,5,28,11],"visible":true},"charging-station":{"width":16,"height":16,"x":386,"y":297,"pixelRatio":1,"visible":true},"cinema":{"width":16,"height":16,"x":402,"y":297,"pixelRatio":1,"visible":true},"clothing-store":{"width":16,"height":16,"x":418,"y":297,"pixelRatio":1,"visible":true},"college":{"width":16,"height":16,"x":434,"y":297,"pixelRatio":1,"visible":true},"communications-tower":{"width":16,"height":16,"x":450,"y":297,"pixelRatio":1,"visible":true},"confectionery":{"width":16,"height":16,"x":466,"y":297,"pixelRatio":1,"visible":true},"convenience":{"width":16,"height":16,"x":482,"y":297,"pixelRatio":1,"visible":true},"cy-motorway-2":{"width":22,"height":16,"x":0,"y":313,"pixelRatio":1,"placeholder":[0,5,22,11],"visible":true},"cy-motorway-3":{"width":28,"height":16,"x":22,"y":313,"pixelRatio":1,"placeholder":[0,5,28,11],"visible":true},"de-motorway-2":{"width":22,"height":16,"x":50,"y":313,"pixelRatio":1,"placeholder":[0,5,22,11],"visible":true},"de-motorway-3":{"width":28,"height":16,"x":72,"y":313,"pixelRatio":1,"placeholder":[0,5,28,11],"visible":true},"dentist":{"width":16,"height":16,"x":100,"y":313,"pixelRatio":1,"visible":true},"doctor":{"width":16,"height":16,"x":116,"y":313,"pixelRatio":1,"visible":true},"dog-park":{"width":16,"height":16,"x":132,"y":313,"pixelRatio":1,"visible":true},"drinking-water":{"width":16,"height":16,"x":148,"y":313,"pixelRatio":1,"visible":true},"embassy":{"width":16,"height":16,"x":164,"y":313,"pixelRatio":1,"visible":true},"entrance":{"width":16,"height":16,"x":180,"y":313,"pixelRatio":1,"visible":true},"farm":{"width":16,"height":16,"x":196,"y":313,"pixelRatio":1,"visible":true},"fast-food":{"width":16,"height":16,"x":212,"y":313,"pixelRatio":1,"visible":true},"ferry":{"width":16,"height":16,"x":228,"y":313,"pixelRatio":1,"visible":true},"fire-station":{"width":16,"height":16,"x":244,"y":313,"pixelRatio":1,"visible":true},"fitness-centre":{"width":16,"height":16,"x":260,"y":313,"pixelRatio":1,"visible":true},"fuel":{"width":16,"height":16,"x":276,"y":313,"pixelRatio":1,"visible":true},"furniture":{"width":16,"height":16,"x":292,"y":313,"pixelRatio":1,"visible":true},"garden":{"width":16,"height":16,"x":308,"y":313,"pixelRatio":1,"visible":true},"gb-national-rail.london-dlr":{"width":36,"height":16,"x":324,"y":313,"pixelRatio":1,"visible":true},"gb-national-rail.london-dlr.london-overground.london-tfl-rail.london-underground":{"width":93,"height":16,"x":360,"y":313,"pixelRatio":1,"visible":true},"gb-national-rail.london-dlr.london-overground.london-underground":{"width":74,"height":16,"x":0,"y":329,"pixelRatio":1,"visible":true},"gb-national-rail.london-dlr.london-underground":{"width":55,"height":16,"x":453,"y":313,"pixelRatio":1,"visible":true},"gb-national-rail.london-overground":{"width":36,"height":16,"x":74,"y":329,"pixelRatio":1,"visible":true},"gb-national-rail.london-overground.london-tfl-rail.london-underground":{"width":74,"height":16,"x":110,"y":329,"pixelRatio":1,"visible":true},"gb-national-rail.london-overground.london-underground":{"width":55,"height":16,"x":184,"y":329,"pixelRatio":1,"visible":true},"gb-national-rail.london-tfl-rail":{"width":36,"height":16,"x":239,"y":329,"pixelRatio":1,"visible":true},"gb-national-rail.london-tfl-rail.london-overground":{"width":55,"height":16,"x":275,"y":329,"pixelRatio":1,"visible":true},"gb-national-rail.london-tfl-rail.london-underground":{"width":55,"height":16,"x":330,"y":329,"pixelRatio":1,"visible":true},"gb-national-rail.london-underground":{"width":36,"height":16,"x":385,"y":329,"pixelRatio":1,"visible":true},"globe":{"width":16,"height":16,"x":421,"y":329,"pixelRatio":1,"visible":true},"golf":{"width":16,"height":16,"x":437,"y":329,"pixelRatio":1,"visible":true},"gr-motorway-2":{"width":22,"height":16,"x":453,"y":329,"pixelRatio":1,"placeholder":[0,5,22,11],"visible":true},"gr-motorway-3":{"width":28,"height":16,"x":475,"y":329,"pixelRatio":1,"placeholder":[0,5,28,11],"visible":true},"gr-motorway-4":{"width":34,"height":16,"x":0,"y":345,"pixelRatio":1,"placeholder":[0,5,34,11],"visible":true},"grocery":{"width":16,"height":16,"x":34,"y":345,"pixelRatio":1,"visible":true},"harbor":{"width":16,"height":16,"x":50,"y":345,"pixelRatio":1,"visible":true},"hardware":{"width":16,"height":16,"x":66,"y":345,"pixelRatio":1,"visible":true},"heliport":{"width":16,"height":16,"x":82,"y":345,"pixelRatio":1,"visible":true},"highway-rest-area":{"width":16,"height":16,"x":98,"y":345,"pixelRatio":1,"visible":true},"historic":{"width":16,"height":16,"x":114,"y":345,"pixelRatio":1,"visible":true},"horse-riding":{"width":16,"height":16,"x":130,"y":345,"pixelRatio":1,"visible":true},"hospital":{"width":16,"height":16,"x":146,"y":345,"pixelRatio":1,"visible":true},"hr-motorway-3":{"width":28,"height":16,"x":162,"y":345,"pixelRatio":1,"placeholder":[0,5,28,11],"visible":true},"hr-motorway-4":{"width":34,"height":16,"x":190,"y":345,"pixelRatio":1,"placeholder":[0,5,34,11],"visible":true},"ice-cream":{"width":16,"height":16,"x":224,"y":345,"pixelRatio":1,"visible":true},"industry":{"width":16,"height":16,"x":240,"y":345,"pixelRatio":1,"visible":true},"information":{"width":16,"height":16,"x":256,"y":345,"pixelRatio":1,"visible":true},"it-motorway-2":{"width":20,"height":16,"x":272,"y":345,"pixelRatio":1,"placeholder":[0,5,20,11],"visible":true},"it-motorway-3":{"width":28,"height":16,"x":292,"y":345,"pixelRatio":1,"placeholder":[0,5,28,11],"visible":true},"jewelry-store":{"width":16,"height":16,"x":320,"y":345,"pixelRatio":1,"visible":true},"jp-metropolitan-road-2":{"width":20,"height":16,"x":336,"y":345,"pixelRatio":1,"placeholder":[0,5,20,11],"visible":true},"jp-metropolitan-road-3":{"width":26,"height":16,"x":356,"y":345,"pixelRatio":1,"placeholder":[0,5,26,11],"visible":true},"jp-metropolitan-road-4":{"width":32,"height":16,"x":382,"y":345,"pixelRatio":1,"placeholder":[0,5,32,11],"visible":true},"jp-prefectural-road-2":{"width":20,"height":16,"x":414,"y":345,"pixelRatio":1,"placeholder":[0,5,20,11],"visible":true},"jp-prefectural-road-3":{"width":26,"height":16,"x":434,"y":345,"pixelRatio":1,"placeholder":[0,5,26,11],"visible":true},"jp-prefectural-road-4":{"width":32,"height":16,"x":460,"y":345,"pixelRatio":1,"placeholder":[0,5,32,11],"visible":true},"kr-metropolitan-2":{"width":20,"height":16,"x":492,"y":345,"pixelRatio":1,"placeholder":[0,5,20,11],"visible":true},"kr-metropolitan-3":{"width":26,"height":16,"x":0,"y":361,"pixelRatio":1,"placeholder":[0,5,26,11],"visible":true},"kr-metropolitan-4":{"width":32,"height":16,"x":26,"y":361,"pixelRatio":1,"placeholder":[0,5,32,11],"visible":true},"kr-metropolitan-5":{"width":38,"height":16,"x":58,"y":361,"pixelRatio":1,"placeholder":[0,5,38,11],"visible":true},"kr-metropolitan-6":{"width":44,"height":16,"x":96,"y":361,"pixelRatio":1,"placeholder":[0,5,44,11],"visible":true},"landmark":{"width":16,"height":16,"x":140,"y":361,"pixelRatio":1,"visible":true},"laundry":{"width":16,"height":16,"x":156,"y":361,"pixelRatio":1,"visible":true},"library":{"width":16,"height":16,"x":172,"y":361,"pixelRatio":1,"visible":true},"lighthouse":{"width":16,"height":16,"x":188,"y":361,"pixelRatio":1,"visible":true},"lodging":{"width":16,"height":16,"x":204,"y":361,"pixelRatio":1,"visible":true},"london-dlr":{"width":20,"height":16,"x":220,"y":361,"pixelRatio":1,"visible":true},"london-dlr.london-tfl-rail":{"width":39,"height":16,"x":240,"y":361,"pixelRatio":1,"visible":true},"london-dlr.london-tfl-rail.london-underground":{"width":58,"height":16,"x":279,"y":361,"pixelRatio":1,"visible":true},"london-dlr.london-underground":{"width":39,"height":16,"x":337,"y":361,"pixelRatio":1,"visible":true},"london-overground":{"width":20,"height":16,"x":376,"y":361,"pixelRatio":1,"visible":true},"london-overground.london-tfl-rail":{"width":39,"height":16,"x":396,"y":361,"pixelRatio":1,"visible":true},"london-overground.london-tfl-rail.london-underground":{"width":58,"height":16,"x":435,"y":361,"pixelRatio":1,"visible":true},"london-overground.london-underground":{"width":39,"height":16,"x":0,"y":377,"pixelRatio":1,"visible":true},"london-tfl-rail":{"width":20,"height":16,"x":39,"y":377,"pixelRatio":1,"visible":true},"london-tfl-rail.london-underground":{"width":39,"height":16,"x":59,"y":377,"pixelRatio":1,"visible":true},"london-underground":{"width":20,"height":16,"x":98,"y":377,"pixelRatio":1,"visible":true},"mobile-phone":{"width":16,"height":16,"x":493,"y":361,"pixelRatio":1,"visible":true},"monument":{"width":16,"height":16,"x":118,"y":377,"pixelRatio":1,"visible":true},"museum":{"width":16,"height":16,"x":134,"y":377,"pixelRatio":1,"visible":true},"music":{"width":16,"height":16,"x":150,"y":377,"pixelRatio":1,"visible":true},"my-expressway-2":{"width":22,"height":16,"x":166,"y":377,"pixelRatio":1,"placeholder":[0,5,22,11],"visible":true},"my-expressway-3":{"width":28,"height":16,"x":188,"y":377,"pixelRatio":1,"placeholder":[0,5,28,11],"visible":true},"my-federal-2":{"width":22,"height":16,"x":216,"y":377,"pixelRatio":1,"placeholder":[0,5,22,11],"visible":true},"my-federal-3":{"width":28,"height":16,"x":238,"y":377,"pixelRatio":1,"placeholder":[0,5,28,11],"visible":true},"my-federal-4":{"width":34,"height":16,"x":266,"y":377,"pixelRatio":1,"placeholder":[0,5,34,11],"visible":true},"my-state-2":{"width":22,"height":16,"x":300,"y":377,"pixelRatio":1,"placeholder":[0,5,22,11],"visible":true},"my-state-3":{"width":28,"height":16,"x":322,"y":377,"pixelRatio":1,"placeholder":[0,5,28,11],"visible":true},"my-state-4":{"width":34,"height":16,"x":350,"y":377,"pixelRatio":1,"placeholder":[0,5,34,11],"visible":true},"observation-tower":{"width":16,"height":16,"x":384,"y":377,"pixelRatio":1,"visible":true},"optician":{"width":16,"height":16,"x":400,"y":377,"pixelRatio":1,"visible":true},"park":{"width":16,"height":16,"x":416,"y":377,"pixelRatio":1,"visible":true},"parking":{"width":16,"height":16,"x":432,"y":377,"pixelRatio":1,"visible":true},"parking-garage":{"width":16,"height":16,"x":448,"y":377,"pixelRatio":1,"visible":true},"pharmacy":{"width":16,"height":16,"x":464,"y":377,"pixelRatio":1,"visible":true},"picnic-site":{"width":16,"height":16,"x":480,"y":377,"pixelRatio":1,"visible":true},"pitch":{"width":16,"height":16,"x":496,"y":377,"pixelRatio":1,"visible":true},"pk-national-highway-2":{"width":22,"height":16,"x":0,"y":393,"pixelRatio":1,"placeholder":[0,5,22,11],"visible":true},"pk-national-highway-3":{"width":28,"height":16,"x":22,"y":393,"pixelRatio":1,"placeholder":[0,5,28,11],"visible":true},"place-of-worship":{"width":16,"height":16,"x":50,"y":393,"pixelRatio":1,"visible":true},"playground":{"width":16,"height":16,"x":66,"y":393,"pixelRatio":1,"visible":true},"police":{"width":16,"height":16,"x":82,"y":393,"pixelRatio":1,"visible":true},"post":{"width":16,"height":16,"x":98,"y":393,"pixelRatio":1,"visible":true},"prison":{"width":16,"height":16,"x":114,"y":393,"pixelRatio":1,"visible":true},"racetrack":{"width":16,"height":16,"x":130,"y":393,"pixelRatio":1,"visible":true},"racetrack-boat":{"width":16,"height":16,"x":146,"y":393,"pixelRatio":1,"visible":true},"racetrack-cycling":{"width":16,"height":16,"x":162,"y":393,"pixelRatio":1,"visible":true},"racetrack-horse":{"width":16,"height":16,"x":178,"y":393,"pixelRatio":1,"visible":true},"rail":{"width":16,"height":16,"x":194,"y":393,"pixelRatio":1,"visible":true},"rail-light":{"width":16,"height":16,"x":210,"y":393,"pixelRatio":1,"visible":true},"rail-metro":{"width":16,"height":16,"x":226,"y":393,"pixelRatio":1,"visible":true},"ranger-station":{"width":16,"height":16,"x":242,"y":393,"pixelRatio":1,"visible":true},"religious-buddhist":{"width":16,"height":16,"x":258,"y":393,"pixelRatio":1,"visible":true},"religious-christian":{"width":16,"height":16,"x":274,"y":393,"pixelRatio":1,"visible":true},"religious-jewish":{"width":16,"height":16,"x":290,"y":393,"pixelRatio":1,"visible":true},"religious-muslim":{"width":16,"height":16,"x":306,"y":393,"pixelRatio":1,"visible":true},"religious-shinto":{"width":16,"height":16,"x":322,"y":393,"pixelRatio":1,"visible":true},"restaurant":{"width":16,"height":16,"x":338,"y":393,"pixelRatio":1,"visible":true},"restaurant-bbq":{"width":16,"height":16,"x":354,"y":393,"pixelRatio":1,"visible":true},"restaurant-noodle":{"width":16,"height":16,"x":370,"y":393,"pixelRatio":1,"visible":true},"restaurant-pizza":{"width":16,"height":16,"x":386,"y":393,"pixelRatio":1,"visible":true},"restaurant-seafood":{"width":16,"height":16,"x":402,"y":393,"pixelRatio":1,"visible":true},"rocket":{"width":16,"height":16,"x":418,"y":393,"pixelRatio":1,"visible":true},"school":{"width":16,"height":16,"x":434,"y":393,"pixelRatio":1,"visible":true},"shoe":{"width":16,"height":16,"x":450,"y":393,"pixelRatio":1,"visible":true},"shop":{"width":16,"height":16,"x":466,"y":393,"pixelRatio":1,"visible":true},"si-motorway-2":{"width":22,"height":16,"x":482,"y":393,"pixelRatio":1,"placeholder":[0,5,22,11],"visible":true},"skateboard":{"width":16,"height":16,"x":0,"y":409,"pixelRatio":1,"visible":true},"skiing":{"width":16,"height":16,"x":16,"y":409,"pixelRatio":1,"visible":true},"slipway":{"width":16,"height":16,"x":32,"y":409,"pixelRatio":1,"visible":true},"stadium":{"width":16,"height":16,"x":48,"y":409,"pixelRatio":1,"visible":true},"suitcase":{"width":16,"height":16,"x":64,"y":409,"pixelRatio":1,"visible":true},"swimming":{"width":16,"height":16,"x":80,"y":409,"pixelRatio":1,"visible":true},"table-tennis":{"width":16,"height":16,"x":96,"y":409,"pixelRatio":1,"visible":true},"tennis":{"width":16,"height":16,"x":112,"y":409,"pixelRatio":1,"visible":true},"theatre":{"width":16,"height":16,"x":128,"y":409,"pixelRatio":1,"visible":true},"toilet":{"width":16,"height":16,"x":144,"y":409,"pixelRatio":1,"visible":true},"toll":{"width":16,"height":16,"x":160,"y":409,"pixelRatio":1,"visible":true},"town-hall":{"width":16,"height":16,"x":176,"y":409,"pixelRatio":1,"visible":true},"tr-motorway-3":{"width":28,"height":16,"x":192,"y":409,"pixelRatio":1,"placeholder":[0,5,28,11],"visible":true},"tr-motorway-4":{"width":34,"height":16,"x":220,"y":409,"pixelRatio":1,"placeholder":[0,5,34,11],"visible":true},"tr-motorway-5":{"width":38,"height":16,"x":254,"y":409,"pixelRatio":1,"placeholder":[0,5,38,11],"visible":true},"tr-motorway-6":{"width":44,"height":16,"x":292,"y":409,"pixelRatio":1,"placeholder":[0,5,44,11],"visible":true},"tunnel":{"width":16,"height":16,"x":336,"y":409,"pixelRatio":1,"visible":true},"veterinary":{"width":16,"height":16,"x":352,"y":409,"pixelRatio":1,"visible":true},"viewpoint":{"width":16,"height":16,"x":368,"y":409,"pixelRatio":1,"visible":true},"volleyball":{"width":16,"height":16,"x":384,"y":409,"pixelRatio":1,"visible":true},"watch":{"width":16,"height":16,"x":400,"y":409,"pixelRatio":1,"visible":true},"watermill":{"width":16,"height":16,"x":416,"y":409,"pixelRatio":1,"visible":true},"wetland":{"width":16,"height":16,"x":432,"y":409,"pixelRatio":1,"visible":true},"windmill":{"width":16,"height":16,"x":448,"y":409,"pixelRatio":1,"visible":true},"zoo":{"width":16,"height":16,"x":464,"y":409,"pixelRatio":1,"visible":true},"level-crossing":{"width":15,"height":15,"x":480,"y":409,"pixelRatio":1,"visible":true},"oneway-large":{"width":15,"height":15,"x":495,"y":409,"pixelRatio":1,"visible":true},"oneway-white-large":{"width":15,"height":15,"x":0,"y":425,"pixelRatio":1,"visible":true},"default-2":{"width":20,"height":14,"x":15,"y":425,"pixelRatio":1,"placeholder":[0,4,20,10],"visible":true},"default-3":{"width":26,"height":14,"x":35,"y":425,"pixelRatio":1,"placeholder":[0,4,26,10],"visible":true},"default-4":{"width":32,"height":14,"x":61,"y":425,"pixelRatio":1,"placeholder":[0,4,32,10],"visible":true},"default-5":{"width":38,"height":14,"x":93,"y":425,"pixelRatio":1,"placeholder":[0,4,38,10],"visible":true},"default-6":{"width":44,"height":14,"x":131,"y":425,"pixelRatio":1,"placeholder":[0,4,44,10],"visible":true},"gb-national-rail":{"width":17,"height":14,"x":175,"y":425,"pixelRatio":1,"visible":true},"intersection":{"width":26,"height":14,"x":192,"y":425,"pixelRatio":1,"visible":true},"jp-expressway-2":{"width":20,"height":14,"x":218,"y":425,"pixelRatio":1,"placeholder":[0,4,20,10],"visible":true},"jp-expressway-3":{"width":26,"height":14,"x":238,"y":425,"pixelRatio":1,"placeholder":[0,4,26,10],"visible":true},"motorway-exit-1":{"width":20,"height":14,"x":264,"y":425,"pixelRatio":1,"placeholder":[0,4,20,10],"visible":true},"motorway-exit-2":{"width":20,"height":14,"x":284,"y":425,"pixelRatio":1,"placeholder":[0,4,20,10],"visible":true},"motorway-exit-3":{"width":26,"height":14,"x":304,"y":425,"pixelRatio":1,"placeholder":[0,4,26,10],"visible":true},"motorway-exit-4":{"width":32,"height":14,"x":330,"y":425,"pixelRatio":1,"placeholder":[0,4,32,10],"visible":true},"motorway-exit-5":{"width":38,"height":14,"x":362,"y":425,"pixelRatio":1,"placeholder":[0,4,38,10],"visible":true},"motorway-exit-6":{"width":44,"height":14,"x":400,"y":425,"pixelRatio":1,"placeholder":[0,4,44,10],"visible":true},"motorway-exit-7":{"width":50,"height":14,"x":444,"y":425,"pixelRatio":1,"placeholder":[0,4,50,10],"visible":true},"motorway-exit-8":{"width":56,"height":14,"x":0,"y":440,"pixelRatio":1,"placeholder":[0,4,56,10],"visible":true},"motorway-exit-9":{"width":62,"height":14,"x":56,"y":440,"pixelRatio":1,"placeholder":[0,4,62,10],"visible":true},"rectangle-blue-2":{"width":20,"height":14,"x":118,"y":440,"pixelRatio":1,"placeholder":[0,4,20,10],"visible":true},"rectangle-blue-3":{"width":26,"height":14,"x":138,"y":440,"pixelRatio":1,"placeholder":[0,4,26,10],"visible":true},"rectangle-blue-4":{"width":32,"height":14,"x":164,"y":440,"pixelRatio":1,"placeholder":[0,4,32,10],"visible":true},"rectangle-blue-5":{"width":38,"height":14,"x":196,"y":440,"pixelRatio":1,"placeholder":[0,4,38,10],"visible":true},"rectangle-blue-6":{"width":44,"height":14,"x":234,"y":440,"pixelRatio":1,"placeholder":[0,4,44,10],"visible":true},"rectangle-green-2":{"width":20,"height":14,"x":278,"y":440,"pixelRatio":1,"placeholder":[0,4,20,10],"visible":true},"rectangle-green-3":{"width":26,"height":14,"x":298,"y":440,"pixelRatio":1,"placeholder":[0,4,26,10],"visible":true},"rectangle-green-4":{"width":32,"height":14,"x":324,"y":440,"pixelRatio":1,"placeholder":[0,4,32,10],"visible":true},"rectangle-green-5":{"width":38,"height":14,"x":356,"y":440,"pixelRatio":1,"placeholder":[0,4,38,10],"visible":true},"rectangle-green-6":{"width":44,"height":14,"x":394,"y":440,"pixelRatio":1,"placeholder":[0,4,44,10],"visible":true},"rectangle-red-2":{"width":20,"height":14,"x":438,"y":440,"pixelRatio":1,"placeholder":[0,4,20,10],"visible":true},"rectangle-red-3":{"width":26,"height":14,"x":458,"y":440,"pixelRatio":1,"placeholder":[0,4,26,10],"visible":true},"rectangle-red-4":{"width":32,"height":14,"x":0,"y":454,"pixelRatio":1,"placeholder":[0,4,32,10],"visible":true},"rectangle-red-5":{"width":38,"height":14,"x":32,"y":454,"pixelRatio":1,"placeholder":[0,4,38,10],"visible":true},"rectangle-red-6":{"width":44,"height":14,"x":70,"y":454,"pixelRatio":1,"placeholder":[0,4,44,10],"visible":true},"rectangle-white-2":{"width":20,"height":14,"x":484,"y":440,"pixelRatio":1,"placeholder":[0,4,20,10],"visible":true},"rectangle-white-3":{"width":26,"height":14,"x":114,"y":454,"pixelRatio":1,"placeholder":[0,4,26,10],"visible":true},"rectangle-white-4":{"width":32,"height":14,"x":140,"y":454,"pixelRatio":1,"placeholder":[0,4,32,10],"visible":true},"rectangle-white-5":{"width":38,"height":14,"x":172,"y":454,"pixelRatio":1,"placeholder":[0,4,38,10],"visible":true},"rectangle-white-6":{"width":44,"height":14,"x":210,"y":454,"pixelRatio":1,"placeholder":[0,4,44,10],"visible":true},"rectangle-yellow-2":{"width":20,"height":14,"x":254,"y":454,"pixelRatio":1,"placeholder":[0,4,20,10],"visible":true},"rectangle-yellow-3":{"width":26,"height":14,"x":274,"y":454,"pixelRatio":1,"placeholder":[0,4,26,10],"visible":true},"rectangle-yellow-4":{"width":32,"height":14,"x":300,"y":454,"pixelRatio":1,"placeholder":[0,4,32,10],"visible":true},"rectangle-yellow-5":{"width":38,"height":14,"x":332,"y":454,"pixelRatio":1,"placeholder":[0,4,38,10],"visible":true},"rectangle-yellow-6":{"width":44,"height":14,"x":370,"y":454,"pixelRatio":1,"placeholder":[0,4,44,10],"visible":true},"border-dot-13":{"width":13,"height":13,"x":414,"y":454,"pixelRatio":1,"visible":true},"oneway-small":{"width":12,"height":12,"x":427,"y":454,"pixelRatio":1,"visible":true},"oneway-white-small":{"width":12,"height":12,"x":439,"y":454,"pixelRatio":1,"visible":true},"dot-10":{"width":11,"height":11,"x":451,"y":454,"pixelRatio":1,"visible":true},"dot-11":{"width":11,"height":11,"x":462,"y":454,"pixelRatio":1,"visible":true},"dot-9":{"width":11,"height":11,"x":473,"y":454,"pixelRatio":1,"visible":true},"cliff":{"width":8,"height":7,"x":504,"y":440,"pixelRatio":1,"visible":true}}